Symbol,ETF Name,Asset Class,Total Assets ,YTD Price Change,Avg. Daily Volume,Previous Closing Price,1-Day Change,Inverse,Leveraged,1 Week,1 Month,1 Year,3 Year,5 Year,YTD FF,1 Week FF,4 Week FF,1 Year FF,3 Year FF,5 Year FF,ETF Database Category,Inception,ER,Commission Free,Annual Dividend Rate,Dividend Date,Dividend,Annual Dividend Yield %,P/E Ratio,Beta,# of Holdings,% In Top 10,ST Cap Gain Rate,LT Cap Gain Rate,Tax Form,Lower Bollinger,Upper Bollinger,Support 1,Resistance 1,RSI,Liquidity Rating,Expenses Rating,Returns Rating,Volatility Rating,Dividend Rating,Concentration Rating,ESG Score,ESG Score Peer Percentile (%),ESG Score Global Percentile (%),Carbon Intensity (Tons of CO2e / $M Sales),SRI Exclusion Criteria (%),Sustainable Impact Solutions (%)
EZA,iShares MSCI South Africa ETF,Equity,"$374,052,000",-1.51%,"189,050",$44.74,2.61%,No,False,3.28%,17.74%,0.45%,5.89%,-7.86%,"$71,891,140.00",$0.00,"$28,985,760.00","$40,216,470.00","$12,036,410.00","$32,515,170.00",Emerging Markets Equities,2003-02-03,0.57%,N/A,$2.26,2021-06-10,$0.49,4.73%,11.54,1.09,38,57.49%,40%,20%,1099,$36.77,$45.93,$44.36,$44.93,65.51,A,B-,C+,C+,B+,B-,10.0,100.00%,100.00%,394.42,3.32%,2.77%
AFK,VanEck Africa Index ETF,Equity,"$48,541,100",-14.36%,"7,739",$17.23,1.41%,No,False,2.53%,11.81%,-13.83%,-4.41%,-15.18%,"-$858,175.00",$0.00,$0.00,"-$2,838,545.00","$7,198,190.00","-$5,492,579.40",Foreign Large Cap Equities,2008-07-10,0.77%,N/A,$0.80,2020-12-21,$0.80,3.69%,10.97,1.05,86,42.56%,40%,20%,1099,$15.02,$17.57,$17.08,$17.30,62.95,B-,C,C,C,A+,B,8.57,97.88%,73.41%,258.75,2.82%,3.70%
NGE,Global X MSCI Nigeria ETF,Equity,"$39,543,300",-18.38%,"6,914",$7.55,-0.66%,No,False,-0.66%,-2.33%,-19.56%,-34.53%,-52.50%,"$19,009.50","$14,718.58","$5,260.41","$11,890.65","$3,849,046.78","-$4,103,647.14",Emerging Markets Equities,2013-04-03,0.91%,2 Platforms,$0.77,2020-12-30,$0.77,4.92%,5.72,0.59,22,65.65%,40%,20%,1099,$7.35,$7.84,$7.47,$7.65,42.61,B-,C,C,A,A+,C,0.0,N/A,N/A,N/A,N/A,N/A
EGPT,VanEck Egypt Index ETF,Equity,"$13,803,300",-32.32%,"5,774",$18.37,0.38%,No,False,3.10%,-3.72%,-27.00%,-35.14%,-35.36%,"-$908,150.00",$0.00,$0.00,"-$2,221,475.00","-$7,731,697.50","-$43,483,793.15",Emerging Markets Equities,2010-02-18,1.02%,N/A,$0.63,2020-12-21,$0.62,2.37%,7.64,0.76,26,64.51%,40%,20%,1099,$16.44,$18.62,$18.37,$18.38,55.11,B-,C,C,B-,C,C,0.0,N/A,N/A,N/A,N/A,N/A
FLZA,Franklin FTSE South Africa ETF,Equity,"$3,472,500",-2.02%,"1,232",$23.78,2.54%,No,False,3.23%,17.48%,-0.67%,7.47%,N/A,"-$976,000.00",$0.00,$0.00,"-$976,000.00","$1,586,500.00","$1,586,500.00",Emerging Markets Equities,2018-10-10,0.19%,N/A,$0.90,2021-06-10,$0.34,3.43%,10.83,1.19,55,52.84%,40%,20%,1099,$19.68,$24.48,$23.78,$23.78,65.23,C,A,N/A,C+,C,N/A,10.0,100.00%,100.00%,375.01,3.39%,3.30%
