Symbol,ETF Name,Asset Class,Total Assets ,YTD Price Change,Avg. Daily Volume,Previous Closing Price,1-Day Change,Inverse,Leveraged,1 Week,1 Month,1 Year,3 Year,5 Year,YTD FF,1 Week FF,4 Week FF,1 Year FF,3 Year FF,5 Year FF,ETF Database Category,Inception,ER,Commission Free,Annual Dividend Rate,Dividend Date,Dividend,Annual Dividend Yield %,P/E Ratio,Beta,# of Holdings,% In Top 10,ST Cap Gain Rate,LT Cap Gain Rate,Tax Form,Lower Bollinger,Upper Bollinger,Support 1,Resistance 1,RSI,Liquidity Rating,Expenses Rating,Returns Rating,Volatility Rating,Dividend Rating,Concentration Rating,ESG Score,ESG Score Peer Percentile (%),ESG Score Global Percentile (%),Carbon Intensity (Tons of CO2e / $M Sales),SRI Exclusion Criteria (%),Sustainable Impact Solutions (%)
TUR,iShares MSCI Turkey ETF,Equity,"$345,801,000",79.80%,"277,430",$32.50,0.12%,No,False,5.25%,19.49%,75.25%,31.57%,-3.14%,"-$98,403,625.00","-$7,544,050.00","-$22,714,180.00","-$60,354,240.00","-$99,854,145.00","-$35,739,090.00",Emerging Markets Equities,2008-03-26,0.57%,N/A,$0.77,2021-06-10,$0.69,3.45%,8.21,0.91,48,52.37%,40%,20%,1099,$26.08,$32.86,$32.34,$32.72,72.25,A-,B,A,C,A,B-,3.83,1.25%,8.18%,965.86,5.39%,1.53%
EPOL,iShares MSCI Poland ETF,Equity,"$196,755,000",-29.93%,"400,321",$14.63,0.27%,No,False,-0.75%,27.44%,-28.50%,-27.21%,-41.19%,"-$5,950,590.00","$7,264,830.00","-$2,174,380.00","-$33,424,035.00","-$5,144,965.00","-$739,820.00",Europe Equities,2010-05-25,0.57%,N/A,$0.16,2021-06-10,$0.06,0.71%,20.72,1.19,34,69.42%,40%,20%,1099,$11.88,$15.45,$14.50,$14.70,66.45,A-,C,C,C,C,C+,6.55,1.22%,39.95%,496.39,0.77%,3.04%
RSX,VanEck Russia ETF,Equity,"$34,562,400",-78.81%,"11,196,450",$5.65,0.00%,No,False,0.00%,0.00%,-79.72%,-73.47%,-68.16%,"$662,261,430.00",$0.00,$0.00,"$592,800,845.00","$549,261,085.00","-$220,227,980.70",Emerging Markets Equities,2007-04-24,0.70%,TD Ameritrade,$0.80,2020-12-21,$0.80,2.48%,9.11,1.08,4,100.00%,40%,20%,1099,$5.65,$5.65,N/A,N/A,16.62,A,C+,A,C,A,C,0.0,N/A,N/A,N/A,N/A,N/A
RSXJ,VanEck Russia Small-Cap ETF,Equity,"$437,066",N/A,0,$11.24,0.00%,No,False,0.00%,0.00%,N/A,N/A,N/A,"$4,207,920.00",$0.00,$0.00,"$2,502,520.00","-$4,483,150.00","-$19,342,210.90",Emerging Markets Equities,2011-04-13,0.67%,N/A,$1.59,2020-12-21,$1.58,3.95%,9.85,1.05,1,100.00%,40%,20%,1099,$11.24,$11.24,N/A,N/A,0.00,C,C+,C,C,A,C,0.0,N/A,N/A,N/A,N/A,N/A
FLRU,Franklin FTSE Russia ETF,Equity,"$8,000",-70.00%,"30,995",$9.10,-20.18%,No,False,-52.11%,-66.49%,-63.72%,-54.94%,N/A,$0.00,$0.00,$0.00,$0.00,"$6,984,500.00","$19,848,000.00",Emerging Markets Equities,2018-02-06,0.19%,N/A,$1.90,2021-06-10,$0.22,5.44%,8.12,1.17,1,100.00%,40%,20%,1099,$11.54,$36.13,$7.37,$11.47,19.68,B,A,N/A,C,C,N/A,0.0,N/A,N/A,N/A,N/A,N/A
